,BadEvents
0,2022azfl
1,2022azfl
2,2022azfl
3,2022azfl
4,2022azfl
5,2022azfl
6,2022azfl
7,2022azfl
8,2022azfl
9,2022azfl
10,2022azfl
11,2022azfl
12,2022bc
13,2022bc
14,2022bc
15,2022bc
16,2022bc
17,2022bc
18,2022bc
19,2022bc
20,2022bc
21,2022bc
22,2022bc
23,2022bc
24,2022bc
25,2022bc
26,2022bc
27,2022bc
28,2022dc306
29,2022dc306
30,2022gacar
31,2022gadal
32,2022gadal
33,2022gadal
34,2022gadal
35,2022gadal
36,2022ilpe
37,2022ilpe
38,2022ilpe
39,2022ispr
40,2022ispr
41,2022ispr
42,2022ispr
43,2022ispr
44,2022ispr
45,2022ispr
46,2022ispr
47,2022ispr
48,2022ispr
49,2022ispr
50,2022ispr
51,2022ispr
52,2022ispr
53,2022ispr
54,2022ispr
55,2022ispr
56,2022ispr
57,2022ispr
58,2022ispr
59,2022ispr
60,2022ispr
61,2022ispr
62,2022ispr
63,2022ispr
64,2022ispr
65,2022ispr
66,2022ispr
67,2022ispr
68,2022ispr
69,2022ispr
70,2022ispr
71,2022laman
72,2022laman
73,2022laman
74,2022mesh
75,2022mesh
76,2022mesh
77,2022mesh
78,2022mesh
79,2022mesh
80,2022mesh
81,2022mesh
82,2022mesh
83,2022mesh
84,2022mesh
85,2022mesh
86,2022mesh
87,2022mesh
88,2022mesh
89,2022mesh
90,2022mesh
91,2022mesh
92,2022mesh
93,2022mesh
94,2022mesh
95,2022mesh
96,2022mesh
97,2022mesh
98,2022mesh
99,2022mesh
100,2022mesh
101,2022mesh
102,2022mesh
103,2022mesh
104,2022mesh
105,2022mesh
106,2022mesh
107,2022mesh
108,2022mesh
109,2022mesh
110,2022mesh
111,2022mesh
112,2022mesh
113,2022mesh
114,2022mesh
115,2022mesh
116,2022mesh
117,2022mesh
118,2022mesh
119,2022mesh
120,2022mesh
121,2022tuis2
122,2022tuis2
123,2022va319
124,2022va319
125,2022va319
126,2022va319
127,2022va319
128,2022xxma2
129,2022xxma2
130,2022xxma2
131,2022xxmac
132,2022xxmel
